{
  "timestamp": "2025-09-30T09:54:48.401Z",
  "testType": "Simple Load Test",
  "duration": 5.72841,
  "metrics": {
    "totalRequests": 50,
    "successfulRequests": 49,
    "failedRequests": 1,
    "errorRate": 2,
    "avgResponseTime": 108.95822400000002,
    "p95ResponseTime": 150.03290000000015,
    "p99ResponseTime": 150.04549999999972,
    "minResponseTime": 57.141999999999996,
    "maxResponseTime": 150.04549999999972,
    "throughput": 8.72842551423519
  },
  "issues": [
    "처리량이 10 req/s 미만입니다: 8.73 req/s"
  ],
  "status": "FAIL"
}